season,week_num,day_of_week,gametime_local,home_team,away_team,home_score,away_score,OT_flag,arrests,division_game
2011,1,Sunday,1:15:00 PM,Arizona,Carolina,28,21,,5,n
2011,4,Sunday,1:05:00 PM,Arizona,New York Giants,27,31,,6,n
2011,7,Sunday,1:05:00 PM,Arizona,Pittsburgh,20,32,,9,n
2011,9,Sunday,2:15:00 PM,Arizona,St. Louis,19,13,OT,6,y
2011,13,Sunday,2:15:00 PM,Arizona,Dallas,19,13,OT,3,n
2011,14,Sunday,2:05:00 PM,Arizona,San Francisco,21,19,,4,y
2011,15,Sunday,2:15:00 PM,Arizona,Cleveland,20,17,OT,1,n
2011,17,Sunday,2:15:00 PM,Arizona,Seattle,23,20,OT,4,y
2012,1,Sunday,1:25:00 PM,Arizona,Seattle,20,16,,0,y
2012,3,Sunday,1:05:00 PM,Arizona,Philadelphia,27,6,,12,n
2012,4,Sunday,1:05:00 PM,Arizona,Miami,24,21,OT,4,n
2012,6,Sunday,1:05:00 PM,Arizona,Buffalo,19,16,OT,1,n
2012,8,Monday,5:30:00 PM,Arizona,San Francisco,3,24,,3,y
2012,12,Sunday,2:25:00 PM,Arizona,St. Louis,17,31,,7,y
2012,15,Sunday,2:05:00 PM,Arizona,Detroit,38,10,,3,n
2012,16,Sunday,2:25:00 PM,Arizona,Chicago,13,28,,7,n
2013,2,Sunday,1:05:00 PM,Arizona,Detroit,25,21,,7,n
2013,5,Sunday,1:05:00 PM,Arizona,Carolina,22,6,,3,n
2013,7,Thursday,5:25:00 PM,Arizona,Seattle,22,34,,7,y
2013,8,Sunday,1:25:00 PM,Arizona,Atlanta,27,13,,2,n
2013,10,Sunday,2:25:00 PM,Arizona,Houston,27,24,,3,n
2013,12,Sunday,2:05:00 PM,Arizona,Indianapolis,40,11,,2,n
2013,14,Sunday,2:25:00 PM,Arizona,St. Louis,30,10,,4,y
2013,17,Sunday,2:25:00 PM,Arizona,San Francisco,20,23,,7,y
2014,1,Monday,7:20:00 PM,Arizona,San Diego,18,17,,4,n
2014,3,Sunday,1:05:00 PM,Arizona,San Francisco,23,14,,6,y
2014,6,Sunday,1:25:00 PM,Arizona,Washington,30,20,,4,n
2014,8,Sunday,1:05:00 PM,Arizona,Philadelphia,24,20,,2,n
2014,10,Sunday,2:25:00 PM,Arizona,St. Louis,31,14,,1,y
2014,11,Sunday,2:25:00 PM,Arizona,Detroit,14,6,,6,n
2014,14,Sunday,2:05:00 PM,Arizona,Kansas City,17,14,,2,n
2014,16,Sunday,6:30:00 PM,Arizona,Seattle,6,35,,4,y
2015,1,Sunday,1:05:00 PM,Arizona,New Orleans,31,19,,3,n
2015,3,Sunday,1:05:00 PM,Arizona,San Francisco,47,7,,10,y
2015,4,Sunday,1:25:00 PM,Arizona,St. Louis,22,24,,3,y
2015,7,Monday,5:30:00 PM,Arizona,Baltimore,26,18,,2,n
2015,11,Sunday,6:30:00 PM,Arizona,Cincinnati,34,31,,2,n
2015,14,Thursday,6:30:00 PM,Arizona,Minnesota,23,20,,0,n
2015,16,Sunday,2:25:00 PM,Arizona,Green Bay,38,8,,5,n
2015,17,Sunday,2:25:00 PM,Arizona,Seattle,6,36,,2,y
2011,1,Sunday,1:05:00 PM,Baltimore,Pittsburgh,35,7,,1,y
2011,4,Sunday,8:20:00 PM,Baltimore,New York Jets,34,17,,0,n
2011,6,Sunday,4:05:00 PM,Baltimore,Houston,29,14,,0,n
2011,8,Sunday,1:00:00 PM,Baltimore,Arizona,30,27,,0,n
2011,11,Sunday,1:00:00 PM,Baltimore,Cincinnati,31,24,,2,y
2011,12,Thursday,8:20:00 PM,Baltimore,San Francisco,16,6,,0,n
2011,14,Sunday,1:00:00 PM,Baltimore,Indianapolis,24,10,,0,n
2011,16,Sunday,1:00:00 PM,Baltimore,Cleveland,20,14,,0,y
2013,2,Sunday,1:00:00 PM,Baltimore,Cleveland,14,6,,3,y
2013,6,Sunday,1:00:00 PM,Baltimore,Green Bay,17,19,,1,n
2013,10,Sunday,1:00:00 PM,Baltimore,Cincinnati,20,17,OT,0,y
2013,12,Sunday,1:00:00 PM,Baltimore,New York Jets,19,3,,3,n
2013,13,Thursday,8:30:00 PM,Baltimore,Pittsburgh,22,20,,5,y
2013,14,Sunday,1:00:00 PM,Baltimore,Minnesota,29,26,,0,n
2013,16,Sunday,4:25:00 PM,Baltimore,New England,7,41,,8,n
2014,1,Sunday,1:00:00 PM,Baltimore,Cincinnati,16,23,,0,y
2014,2,Thursday,8:25:00 PM,Baltimore,Pittsburgh,26,6,,4,y
2014,4,Sunday,1:00:00 PM,Baltimore,Carolina,38,10,,5,n
2014,7,Sunday,1:00:00 PM,Baltimore,Atlanta,29,7,,0,n
2014,10,Sunday,1:00:00 PM,Baltimore,Tennessee,21,7,,0,n
2014,13,Sunday,1:00:00 PM,Baltimore,San Diego,33,34,,0,n
2014,15,Sunday,1:00:00 PM,Baltimore,Jacksonville,20,12,,1,n
2014,17,Sunday,1:00:00 PM,Baltimore,Cleveland,20,10,,0,y
2015,3,Sunday,1:02:00 PM,Baltimore,Cincinnati,24,28,,0,y
2015,5,Sunday,1:02:00 PM,Baltimore,Cleveland,30,33,OT,3,y
2015,8,Sunday,1:02:00 PM,Baltimore,San Diego,29,26,,0,n
2015,10,Sunday,1:05:00 PM,Baltimore,Jacksonville,20,22,,6,n
2015,11,Sunday,1:02:00 PM,Baltimore,St. Louis,16,13,,0,n
2015,14,Sunday,1:00:00 PM,Baltimore,Seattle,6,35,,0,n
2015,15,Sunday,1:00:00 PM,Baltimore,Kansas City,14,34,,0,n
2015,16,Sunday,1:00:00 PM,Baltimore,Pittsburgh,20,17,,4,y
2011,2,Sunday,1:00:00 PM,Carolina,Green Bay,23,30,,0,n
2011,3,Sunday,1:00:00 PM,Carolina,Jacksonville,16,10,,0,n
2011,5,Sunday,1:00:00 PM,Carolina,New Orleans,27,30,,0,y
2011,7,Sunday,1:00:00 PM,Carolina,Washington,33,20,,0,n
2011,8,Sunday,1:00:00 PM,Carolina,Minnesota,21,24,,0,n
2011,10,Sunday,1:00:00 PM,Carolina,Tennessee,3,30,,0,n
2011,14,Sunday,1:00:00 PM,Carolina,Atlanta,23,31,,2,y
2011,16,Saturday,1:00:00 PM,Carolina,Tampa Bay,48,16,,0,y
2012,2,Sunday,1:00:00 PM,Carolina,New Orleans,35,27,,1,y
2012,3,Thursday,8:20:00 PM,Carolina,New York Giants,7,36,,1,n
2012,5,Sunday,4:05:00 PM,Carolina,Seattle,12,16,,1,n
2012,7,Sunday,1:00:00 PM,Carolina,Dallas,14,19,,4,n
2012,10,Sunday,1:00:00 PM,Carolina,Denver,14,36,,1,n
2012,11,Sunday,1:00:00 PM,Carolina,Tampa Bay,21,27,OT,0,y
2012,14,Sunday,1:00:00 PM,Carolina,Atlanta,30,20,,0,y
2012,16,Sunday,1:00:00 PM,Carolina,Oakland,17,6,,1,n
2013,1,Sunday,1:00:00 PM,Carolina,Seattle,7,12,,1,n
2013,3,Sunday,1:00:00 PM,Carolina,New York Giants,38,0,,5,n
2013,7,Sunday,1:00:00 PM,Carolina,St. Louis,30,15,,1,n
2013,9,Sunday,1:00:00 PM,Carolina,Atlanta,34,10,,3,y
2013,11,Monday,8:40:00 PM,Carolina,New England,24,20,,3,n
2013,13,Sunday,1:00:00 PM,Carolina,Tampa Bay,27,6,,0,y
2013,15,Sunday,4:05:00 PM,Carolina,New York Jets,30,20,,2,n
2013,16,Sunday,1:00:00 PM,Carolina,New Orleans,17,13,,1,y
2014,2,Sunday,1:00:00 PM,Carolina,Detroit,24,7,,1,n
2014,3,Sunday,8:30:00 PM,Carolina,Pittsburgh,19,37,,5,n
2014,5,Sunday,1:00:00 PM,Carolina,Chicago,31,24,,1,n
2014,8,Sunday,1:00:00 PM,Carolina,Seattle,9,13,,2,n
2014,9,Thursday,8:25:00 PM,Carolina,New Orleans,10,28,,1,y
2014,11,Sunday,1:00:00 PM,Carolina,Atlanta,17,19,,0,y
2014,15,Sunday,1:00:00 PM,Carolina,Tampa Bay,19,17,,0,y
2014,16,Sunday,1:00:00 PM,Carolina,Cleveland,17,13,,0,n
2015,2,Sunday,1:00:00 PM,Carolina,Houston,24,17,,0,n
2015,3,Sunday,1:00:00 PM,Carolina,New Orleans,27,22,,0,y
2015,7,Sunday,8:30:00 PM,Carolina,Philadelphia,27,16,,4,n
2015,8,Monday,8:30:00 PM,Carolina,Indianapolis,29,26,OT,6,n
2015,9,Sunday,1:00:00 PM,Carolina,Green Bay,37,29,,2,n
2015,11,Sunday,1:00:00 PM,Carolina,Washington,33,14,,3,n
2015,14,Sunday,1:00:00 PM,Carolina,Atlanta,38,0,,0,y
2015,17,Sunday,4:25:00 PM,Carolina,Tampa Bay,38,10,,3,y
2011,1,Sunday,12:00:00 PM,Chicago,Atlanta,30,12,,1,n
2011,3,Sunday,3:25:00 PM,Chicago,Green Bay,17,27,,0,y
2011,4,Sunday,12:00:00 PM,Chicago,Carolina,34,29,,1,n
2011,6,Sunday,7:20:00 PM,Chicago,Minnesota,39,10,,0,y
2011,10,Sunday,3:15:00 PM,Chicago,Detroit,37,13,,0,y
2011,11,Sunday,3:15:00 PM,Chicago,San Diego,31,20,,0,n
2011,13,Sunday,12:00:00 PM,Chicago,Kansas City,3,10,,0,n
2011,15,Sunday,12:00:00 PM,Chicago,Seattle,14,38,,1,n
2012,1,Sunday,12:00:00 PM,Chicago,Indianapolis,41,21,,0,n
2012,3,Sunday,12:00:00 PM,Chicago,St. Louis,23,6,,1,n
2012,7,Monday,7:30:00 PM,Chicago,Detroit,13,7,,1,y
2012,8,Sunday,12:00:00 PM,Chicago,Carolina,23,22,,0,n
2012,10,Sunday,7:20:00 PM,Chicago,Houston,6,13,,3,n
2012,12,Sunday,12:00:00 PM,Chicago,Minnesota,28,10,,1,y
2012,13,Sunday,12:00:00 PM,Chicago,Seattle,17,23,OT,0,n
2012,15,Sunday,12:00:00 PM,Chicago,Green Bay,13,21,,2,y
2013,1,Sunday,12:00:00 PM,Chicago,Cincinnati,24,21,,0,n
2013,2,Sunday,12:00:00 PM,Chicago,Minnesota,31,30,,0,y
2013,5,Sunday,12:00:00 PM,Chicago,New Orleans,18,26,,0,n
2013,6,Thursday,7:25:00 PM,Chicago,New York Giants,27,21,,2,n
2013,10,Sunday,12:00:00 PM,Chicago,Detroit,19,21,,0,y
2013,11,Sunday,12:00:00 PM,Chicago,Baltimore,23,10,OT,2,n
2013,14,Monday,7:40:00 PM,Chicago,Dallas,45,28,,1,n
2013,17,Sunday,3:25:00 PM,Chicago,Green Bay,28,33,,2,y
2014,1,Sunday,12:00:00 PM,Chicago,Buffalo,20,23,OT,1,n
2014,4,Sunday,12:00:00 PM,Chicago,Green Bay,17,38,,1,y
2014,7,Sunday,12:00:00 PM,Chicago,Miami,14,27,,0,n
2014,11,Sunday,12:00:00 PM,Chicago,Minnesota,21,13,,2,y
2014,12,Sunday,12:00:00 PM,Chicago,Tampa Bay,21,13,,1,n
2014,14,Thursday,7:25:00 PM,Chicago,Dallas,28,41,,0,n
2014,15,Monday,7:30:00 PM,Chicago,New Orleans,15,31,,2,n
2014,16,Sunday,12:00:00 PM,Chicago,Detroit,14,20,,1,y
2011,3,Sunday,1:02:00 PM,Cincinnati,San Francisco,8,13,,3,n
2011,4,Sunday,1:03:00 PM,Cincinnati,Buffalo,23,20,,0,n
2011,6,Sunday,1:02:00 PM,Cincinnati,Indianapolis,27,17,,1,n
2011,10,Sunday,1:02:00 PM,Cincinnati,Pittsburgh,17,24,,2,y
2011,12,Sunday,1:02:00 PM,Cincinnati,Cleveland,23,20,,3,y
2011,14,Sunday,1:02:00 PM,Cincinnati,Houston,19,20,,0,n
2011,16,Sunday,1:02:00 PM,Cincinnati,Arizona,23,16,,0,n
2011,17,Sunday,4:16:00 PM,Cincinnati,Baltimore,16,24,,0,y
2012,2,Sunday,1:00:00 PM,Cincinnati,Cleveland,34,27,,3,y
2012,5,Sunday,1:00:00 PM,Cincinnati,Miami,13,17,,0,n
2012,7,Sunday,8:20:00 PM,Cincinnati,Pittsburgh,17,24,,0,y
2012,9,Sunday,1:00:00 PM,Cincinnati,Denver,23,31,,2,n
2012,10,Sunday,1:00:00 PM,Cincinnati,New York Giants,31,13,,4,n
2012,12,Sunday,1:00:00 PM,Cincinnati,Oakland,34,10,,3,n
2012,14,Sunday,1:00:00 PM,Cincinnati,Dallas,19,20,,3,n
2012,17,Sunday,1:00:00 PM,Cincinnati,Baltimore,23,17,,1,y
2013,2,Monday,8:40:00 PM,Cincinnati,Pittsburgh,20,10,,3,y
2013,3,Sunday,1:00:00 PM,Cincinnati,Green Bay,34,30,,1,n
2013,5,Sunday,1:00:00 PM,Cincinnati,New England,13,6,,0,n
2013,8,Sunday,4:05:00 PM,Cincinnati,New York Jets,49,9,,1,n
2013,11,Sunday,1:00:00 PM,Cincinnati,Cleveland,41,20,,0,y
2013,14,Sunday,1:00:00 PM,Cincinnati,Indianapolis,42,28,,1,n
2013,16,Sunday,1:00:00 PM,Cincinnati,Minnesota,42,14,,0,n
2013,17,Sunday,1:00:00 PM,Cincinnati,Baltimore,34,17,,0,y
2014,2,Sunday,1:00:00 PM,Cincinnati,Atlanta,24,10,,4,n
2014,3,Sunday,1:00:00 PM,Cincinnati,Tennessee,33,7,,0,n
2014,6,Sunday,1:00:00 PM,Cincinnati,Carolina,37,37,OT,1,n
2014,8,Sunday,1:00:00 PM,Cincinnati,Baltimore,27,24,,1,y
2014,9,Sunday,1:00:00 PM,Cincinnati,Jacksonville,33,23,,1,n
2014,10,Thursday,8:25:00 PM,Cincinnati,Cleveland,3,24,,10,y
2014,14,Sunday,1:00:00 PM,Cincinnati,Pittsburgh,21,42,,6,y
2014,16,Monday,8:30:00 PM,Cincinnati,Denver,37,28,,0,n
2015,2,Sunday,1:00:00 PM,Cincinnati,San Diego,24,19,,1,n
2015,4,Sunday,1:00:00 PM,Cincinnati,Kansas City,36,21,,1,n
2015,5,Sunday,1:00:00 PM,Cincinnati,Seattle,27,24,,1,n
2015,9,Thursday,8:25:00 PM,Cincinnati,Cleveland,31,10,,0,y
2015,10,Monday,8:30:00 PM,Cincinnati,Houston,6,10,,0,n
2015,12,Sunday,1:00:00 PM,Cincinnati,St. Louis,31,7,,0,n
2015,14,Sunday,1:00:00 PM,Cincinnati,Pittsburgh,20,33,,0,y
2015,17,Sunday,1:00:00 PM,Cincinnati,Baltimore,24,16,,0,y
2011,3,Monday,7:30:00 PM,Dallas,Washington,18,16,,1,y
2011,4,Sunday,12:00:00 PM,Dallas,Detroit,30,34,,1,n
2011,7,Sunday,3:15:00 PM,Dallas,St. Louis,34,7,,0,n
2011,9,Sunday,12:00:00 PM,Dallas,Seattle,23,13,,1,n
2011,10,Sunday,12:00:00 PM,Dallas,Buffalo,44,7,,2,n
2011,12,Thursday,3:15:00 PM,Dallas,Miami,20,19,,0,n
2011,14,Sunday,7:20:00 PM,Dallas,New York Giants,34,37,,0,y
2011,16,Saturday,3:15:00 PM,Dallas,Philadelphia,7,20,,0,y
2012,3,Sunday,12:00:00 PM,Dallas,Tampa Bay,16,10,,4,n
2012,4,Monday,7:30:00 PM,Dallas,Chicago,18,34,,6,n
2012,8,Sunday,3:25:00 PM,Dallas,New York Giants,24,29,,15,y
2012,11,Sunday,12:00:00 PM,Dallas,Cleveland,23,20,OT,0,n
2012,12,Thursday,3:25:00 PM,Dallas,Washington,31,38,,5,y
2012,13,Sunday,7:20:00 PM,Dallas,Philadelphia,38,33,,15,y
2012,15,Sunday,3:25:00 PM,Dallas,Pittsburgh,27,24,OT,13,n
2012,16,Sunday,12:00:00 PM,Dallas,New Orleans,31,34,OT,0,n
2013,1,Sunday,7:20:00 PM,Dallas,New York Giants,36,31,,9,y
2013,3,Sunday,12:00:00 PM,Dallas,St. Louis,31,7,,0,n
2013,5,Sunday,3:25:00 PM,Dallas,Denver,48,51,,0,n
2013,6,Sunday,7:20:00 PM,Dallas,Washington,31,16,,0,y
2013,9,Sunday,12:00:00 PM,Dallas,Minnesota,27,23,,1,n
2013,13,Thursday,3:30:00 PM,Dallas,Oakland,31,24,,8,n
2013,15,Sunday,3:25:00 PM,Dallas,Green Bay,36,37,,5,n
2013,17,Sunday,7:30:00 PM,Dallas,Philadelphia,22,24,,9,y
2014,1,Sunday,3:25:00 PM,Dallas,San Francisco,17,28,,2,n
2014,4,Sunday,7:30:00 PM,Dallas,New Orleans,38,17,,7,n
2014,5,Sunday,12:00:00 PM,Dallas,Houston,20,17,OT,7,n
2014,7,Sunday,3:25:00 PM,Dallas,New York Giants,31,21,,3,y
2014,8,Monday,7:30:00 PM,Dallas,Washington,17,20,OT,3,y
2014,9,Sunday,12:00:00 PM,Dallas,Arizona,17,28,,2,n
2014,13,Thursday,3:30:00 PM,Dallas,Philadelphia,10,33,,0,y
2014,16,Sunday,3:25:00 PM,Dallas,Indianapolis,42,7,,1,n
2015,1,Sunday,7:30:00 PM,Dallas,New York Giants,27,26,,13,y
2015,3,Sunday,12:00:00 PM,Dallas,Atlanta,28,39,,3,n
2015,5,Sunday,3:25:00 PM,Dallas,New England,6,30,,7,n
2015,8,Sunday,3:25:00 PM,Dallas,Seattle,12,13,,8,n
2015,9,Sunday,7:30:00 PM,Dallas,Philadelphia,27,33,OT,8,y
2015,12,Thursday,3:30:00 PM,Dallas,Carolina,14,33,,5,n
2015,15,Saturday,7:25:00 PM,Dallas,New York Jets,16,19,,4,n
2015,17,Sunday,12:00:00 PM,Dallas,Washington,23,34,,1,y
2011,1,Monday,8:15:00 PM,Denver,Oakland,20,23,,2,y
2011,2,Sunday,2:15:00 PM,Denver,Cincinnati,24,22,,0,n
2011,5,Sunday,2:15:00 PM,Denver,San Diego,24,29,,0,y
2011,8,Sunday,2:05:00 PM,Denver,Detroit,10,45,,0,n
2011,11,Thursday,6:20:00 PM,Denver,New York Jets,17,13,,2,n
2011,14,Sunday,2:05:00 PM,Denver,Chicago,13,10,OT,0,n
2011,15,Sunday,2:15:00 PM,Denver,New England,23,41,,0,n
2011,17,Sunday,2:15:00 PM,Denver,Kansas City,3,7,,0,y
2012,1,Sunday,6:20:00 PM,Denver,Pittsburgh,31,19,,4,n
2012,3,Sunday,2:25:00 PM,Denver,Houston,25,31,,1,n
2012,4,Sunday,2:05:00 PM,Denver,Oakland,37,6,,4,y
2012,8,Sunday,6:20:00 PM,Denver,New Orleans,34,14,,0,n
2012,11,Sunday,2:25:00 PM,Denver,San Diego,36,14,,0,y
2012,13,Sunday,2:05:00 PM,Denver,Tampa Bay,31,23,,0,n
2012,16,Sunday,2:05:00 PM,Denver,Cleveland,34,12,,3,n
2012,17,Sunday,2:25:00 PM,Denver,Kansas City,38,3,,0,y
2013,1,Thursday,6:30:00 PM,Denver,Baltimore,49,27,,5,n
2013,3,Monday,6:40:00 PM,Denver,Oakland,37,21,,8,y
2013,4,Sunday,2:25:00 PM,Denver,Philadelphia,52,20,,11,n
2013,6,Sunday,2:05:00 PM,Denver,Jacksonville,35,19,,5,n
2013,8,Sunday,2:25:00 PM,Denver,Washington,45,21,,2,n
2013,11,Sunday,6:30:00 PM,Denver,Kansas City,27,17,,5,y
2013,14,Sunday,2:05:00 PM,Denver,Tennessee,51,28,,1,n
2013,15,Thursday,6:25:00 PM,Denver,San Diego,20,27,,3,y
2014,1,Sunday,6:30:00 PM,Denver,Indianapolis,31,24,,1,n
2014,2,Sunday,2:25:00 PM,Denver,Kansas City,24,17,,1,y
2014,5,Sunday,2:05:00 PM,Denver,Arizona,41,20,,7,n
2014,7,Sunday,6:30:00 PM,Denver,San Francisco,42,17,,6,n
2014,8,Thursday,6:25:00 PM,Denver,San Diego,35,21,,6,y
2014,12,Sunday,2:25:00 PM,Denver,Miami,39,36,,1,n
2014,14,Sunday,2:05:00 PM,Denver,Buffalo,24,17,,4,n
2014,17,Sunday,2:25:00 PM,Denver,Oakland,47,14,,7,y
2015,1,Sunday,2:25:00 PM,Denver,Baltimore,19,13,,3,n
2015,4,Sunday,2:25:00 PM,Denver,Minnesota,23,20,,2,n
2015,8,Sunday,6:30:00 PM,Denver,Green Bay,29,10,,0,n
2015,10,Sunday,2:25:00 PM,Denver,Kansas City,13,29,,4,y
2015,12,Sunday,6:30:00 PM,Denver,New England,30,24,OT,3,n
2015,14,Sunday,2:05:00 PM,Denver,Oakland,12,15,,3,y
2015,16,Monday,6:30:00 PM,Denver,Cincinnati,20,17,OT,1,n
2015,17,Sunday,2:25:00 PM,Denver,San Diego,27,20,,0,y
2011,2,Sunday,1:00:00 PM,Detroit,Kansas City,48,3,,,n
2011,5,Monday,8:30:00 PM,Detroit,Chicago,24,13,,,y
2011,6,Sunday,1:00:00 PM,Detroit,San Francisco,19,25,,,n
2011,7,Sunday,1:00:00 PM,Detroit,Atlanta,16,23,,,n
2011,11,Sunday,1:00:00 PM,Detroit,Carolina,49,35,,,n
2011,12,Thursday,12:30:00 PM,Detroit,Green Bay,15,27,,,y
2011,14,Sunday,1:00:00 PM,Detroit,Minnesota,34,28,,,y
2011,16,Saturday,4:05:00 PM,Detroit,San Diego,38,10,,,n
2012,1,Sunday,1:00:00 PM,Detroit,St. Louis,27,23,,,n
2012,4,Sunday,1:00:00 PM,Detroit,Minnesota,13,20,,,y
2012,8,Sunday,1:00:00 PM,Detroit,Seattle,28,24,,,n
2012,11,Sunday,1:00:00 PM,Detroit,Green Bay,20,24,,,y
2012,12,Thursday,12:30:00 PM,Detroit,Houston,31,34,OT,,n
2012,13,Sunday,1:00:00 PM,Detroit,Indianapolis,33,35,,,n
2012,16,Saturday,8:30:00 PM,Detroit,Atlanta,18,31,,,n
2012,17,Sunday,1:00:00 PM,Detroit,Chicago,24,26,,,y
2013,1,Sunday,1:00:00 PM,Detroit,Minnesota,34,24,,,y
2013,4,Sunday,1:00:00 PM,Detroit,Chicago,40,32,,,y
2013,7,Sunday,1:00:00 PM,Detroit,Cincinnati,24,27,,,n
2013,8,Sunday,1:00:00 PM,Detroit,Dallas,31,30,,,n
2013,12,Sunday,1:00:00 PM,Detroit,Tampa Bay,21,24,,,n
2013,13,Thursday,12:30:00 PM,Detroit,Green Bay,40,10,,,y
2013,15,Monday,8:40:00 PM,Detroit,Baltimore,16,18,,,n
2013,16,Sunday,1:00:00 PM,Detroit,New York Giants,20,23,OT,,n
2014,1,Monday,7:10:00 PM,Detroit,New York Giants,35,14,,,n
2014,3,Sunday,1:00:00 PM,Detroit,Green Bay,19,7,,,y
2014,5,Sunday,1:00:00 PM,Detroit,Buffalo,14,17,,,n
2014,7,Sunday,1:00:00 PM,Detroit,New Orleans,24,23,,,n
2014,10,Sunday,1:00:00 PM,Detroit,Miami,20,16,,,n
2014,13,Thursday,12:30:00 PM,Detroit,Chicago,34,17,,,y
2014,14,Sunday,1:00:00 PM,Detroit,Tampa Bay,34,17,,,n
2014,15,Sunday,4:25:00 PM,Detroit,Minnesota,16,14,,,y
2015,3,Sunday,8:30:00 PM,Detroit,Denver,12,24,,,n
2015,5,Sunday,4:05:00 PM,Detroit,Arizona,17,42,,,n
2015,6,Sunday,1:00:00 PM,Detroit,Chicago,37,34,OT,,y
2015,7,Sunday,1:00:00 PM,Detroit,Minnesota,19,28,,,y
2015,11,Sunday,1:00:00 PM,Detroit,Oakland,18,13,,,n
2015,12,Thursday,12:30:00 PM,Detroit,Philadelphia,45,14,,,n
2015,13,Thursday,8:25:00 PM,Detroit,Green Bay,23,27,,,y
2015,16,Sunday,1:00:00 PM,Detroit,San Francisco,32,17,,,n
2011,1,Thursday,7:30:00 PM,Green Bay,New Orleans,42,34,,8,n
2011,4,Sunday,3:15:00 PM,Green Bay,Denver,49,23,,0,n
2011,6,Sunday,12:00:00 PM,Green Bay,St. Louis,24,3,,3,n
2011,10,Monday,7:30:00 PM,Green Bay,Minnesota,45,7,,6,y
2011,11,Sunday,12:00:00 PM,Green Bay,Tampa Bay,35,26,,1,n
2011,14,Sunday,3:15:00 PM,Green Bay,Oakland,46,16,,4,n
2011,16,Sunday,7:20:00 PM,Green Bay,Chicago,35,21,,21,y
2011,17,Sunday,12:00:00 PM,Green Bay,Detroit,45,41,,3,y
2012,1,Sunday,3:25:00 PM,Green Bay,San Francisco,22,30,,4,n
2012,2,Thursday,7:20:00 PM,Green Bay,Chicago,23,10,,15,y
2012,4,Sunday,3:25:00 PM,Green Bay,New Orleans,28,27,,3,n
2012,8,Sunday,12:00:00 PM,Green Bay,Jacksonville,24,15,,1,n
2012,9,Sunday,12:00:00 PM,Green Bay,Arizona,31,17,,9,n
2012,13,Sunday,12:00:00 PM,Green Bay,Minnesota,23,14,,2,y
2012,14,Sunday,7:20:00 PM,Green Bay,Detroit,27,20,,18,y
2012,16,Sunday,12:00:00 PM,Green Bay,Tennessee,55,7,,9,n
2013,2,Sunday,12:00:00 PM,Green Bay,Washington,38,20,,1,n
2013,5,Sunday,12:00:00 PM,Green Bay,Detroit,22,9,,8,y
2013,7,Sunday,3:25:00 PM,Green Bay,Cleveland,31,13,,6,n
2013,9,Monday,7:40:00 PM,Green Bay,Chicago,20,27,,13,y
2013,10,Sunday,12:00:00 PM,Green Bay,Philadelphia,13,27,,6,n
2013,12,Sunday,12:00:00 PM,Green Bay,Minnesota,26,26,OT,8,y
2013,14,Sunday,12:00:00 PM,Green Bay,Atlanta,22,21,,7,n
2013,16,Sunday,3:25:00 PM,Green Bay,Pittsburgh,31,38,,16,n
2014,2,Sunday,3:25:00 PM,Green Bay,New York Jets,31,24,,8,n
2014,5,Thursday,7:25:00 PM,Green Bay,Minnesota,42,10,,4,y
2014,7,Sunday,12:00:00 PM,Green Bay,Carolina,38,17,,1,n
2014,10,Sunday,7:30:00 PM,Green Bay,Chicago,55,14,,15,y
2014,11,Sunday,3:25:00 PM,Green Bay,Philadelphia,53,20,,3,n
2014,13,Sunday,3:25:00 PM,Green Bay,New England,26,21,,8,n
2014,14,Monday,7:30:00 PM,Green Bay,Atlanta,43,37,,11,n
2014,17,Sunday,3:25:00 PM,Green Bay,Detroit,30,20,,6,y
2015,2,Sunday,7:30:00 PM,Green Bay,Seattle,27,17,,13,n
2015,3,Monday,7:30:00 PM,Green Bay,Kansas City,38,28,,4,n
2015,5,Sunday,12:00:00 PM,Green Bay,St. Louis,24,10,,4,n
2015,6,Sunday,3:25:00 PM,Green Bay,San Diego,27,20,,13,n
2015,10,Sunday,12:00:00 PM,Green Bay,Detroit,16,18,,8,y
2015,12,Thursday,7:30:00 PM,Green Bay,Chicago,13,17,,2,y
2015,14,Sunday,3:25:00 PM,Green Bay,Dallas,28,7,,5,n
2015,17,Sunday,7:30:00 PM,Green Bay,Minnesota,13,20,,11,y
2011,1,Sunday,12:00:00 PM,Houston,Indianapolis,34,7,,2,y
2011,4,Sunday,12:00:00 PM,Houston,Pittsburgh,17,10,,2,n
2011,5,Sunday,12:00:00 PM,Houston,Oakland,20,25,,1,n
2011,8,Sunday,12:00:00 PM,Houston,Jacksonville,24,14,,0,y
2011,9,Sunday,12:00:00 PM,Houston,Cleveland,30,12,,0,n
2011,13,Sunday,12:00:00 PM,Houston,Atlanta,17,10,,2,n
2011,15,Sunday,12:00:00 PM,Houston,Carolina,13,28,,2,n
2011,17,Sunday,12:00:00 PM,Houston,Tennessee,22,23,,0,y
2012,1,Sunday,12:00:00 PM,Houston,Miami,30,10,,6,n
2012,4,Sunday,12:00:00 PM,Houston,Tennessee,38,14,,1,y
2012,6,Sunday,6:20:00 PM,Houston,Green Bay,24,42,,4,n
2012,7,Sunday,12:00:00 PM,Houston,Baltimore,43,13,,1,n
2012,9,Sunday,12:00:00 PM,Houston,Buffalo,21,9,,1,n
2012,11,Sunday,12:00:00 PM,Houston,Jacksonville,43,37,OT,1,y
2012,15,Sunday,12:00:00 PM,Houston,Indianapolis,29,17,,1,y
2012,16,Sunday,12:00:00 PM,Houston,Minnesota,6,23,,3,n
2013,2,Sunday,12:00:00 PM,Houston,Tennessee,30,24,OT,2,y
2013,4,Sunday,12:00:00 PM,Houston,Seattle,20,23,OT,0,n
2013,6,Sunday,12:00:00 PM,Houston,St. Louis,13,38,,1,n
2013,9,Sunday,7:30:00 PM,Houston,Indianapolis,24,27,,1,y
2013,11,Sunday,12:00:00 PM,Houston,Oakland,23,28,,2,n
2013,12,Sunday,12:00:00 PM,Houston,Jacksonville,6,13,,1,y
2013,13,Sunday,12:00:00 PM,Houston,New England,31,34,,0,n
2013,16,Sunday,12:00:00 PM,Houston,Denver,13,37,,0,n
2014,1,Sunday,12:00:00 PM,Houston,Washington,17,6,,1,n
2014,4,Sunday,12:00:00 PM,Houston,Buffalo,23,17,,0,n
2014,6,Thursday,7:30:00 PM,Houston,Indianapolis,28,33,,0,y
2014,9,Sunday,12:00:00 PM,Houston,Philadelphia,21,31,,0,n
2014,12,Sunday,12:00:00 PM,Houston,Cincinnati,13,22,,1,n
2014,13,Sunday,12:00:00 PM,Houston,Tennessee,45,21,,0,y
2014,16,Sunday,12:00:00 PM,Houston,Baltimore,25,13,,0,n
2014,17,Sunday,12:00:00 PM,Houston,Jacksonville,23,17,,0,y
2015,1,Sunday,12:00:00 PM,Houston,Kansas City,20,27,,1,n
2015,3,Sunday,12:00:00 PM,Houston,Tampa Bay,19,9,,1,n
2015,5,Thursday,7:25:00 PM,Houston,Indianapolis,20,27,,0,y
2015,8,Sunday,12:00:00 PM,Houston,Tennessee,20,6,,0,y
2015,11,Sunday,12:00:00 PM,Houston,New York Jets,24,17,,1,n
2015,12,Sunday,12:00:00 PM,Houston,New Orleans,24,6,,1,n
2015,14,Sunday,7:30:00 PM,Houston,New England,6,27,,0,n
2015,17,Sunday,12:00:00 PM,Houston,Jacksonville,30,6,,0,y
2011,2,Sunday,1:00:00 PM,Indianapolis,Cleveland,19,27,,2,n
2011,3,Sunday,8:20:00 PM,Indianapolis,Pittsburgh,20,23,,11,n
2011,5,Sunday,1:00:00 PM,Indianapolis,Kansas City,24,28,,0,n
2011,9,Sunday,1:00:00 PM,Indianapolis,Atlanta,7,31,,3,n
2011,10,Sunday,1:00:00 PM,Indianapolis,Jacksonville,3,17,,0,y
2011,12,Sunday,1:00:00 PM,Indianapolis,Carolina,19,27,,7,n
2011,15,Sunday,1:00:00 PM,Indianapolis,Tennessee,27,13,,0,y
2011,16,Thursday,8:20:00 PM,Indianapolis,Houston,19,16,,2,y
2012,2,Sunday,1:00:00 PM,Indianapolis,Minnesota,23,20,,1,n
2012,3,Sunday,1:00:00 PM,Indianapolis,Jacksonville,17,22,,0,y
2012,5,Sunday,1:00:00 PM,Indianapolis,Green Bay,30,27,,3,n
2012,7,Sunday,1:00:00 PM,Indianapolis,Cleveland,17,13,,2,n
2012,9,Sunday,1:00:00 PM,Indianapolis,Miami,23,20,,4,n
2012,12,Sunday,1:00:00 PM,Indianapolis,Buffalo,20,13,,5,n
2012,14,Sunday,1:00:00 PM,Indianapolis,Tennessee,27,23,,1,y
2012,17,Sunday,1:00:00 PM,Indianapolis,Houston,28,16,,0,y
2013,1,Sunday,1:00:00 PM,Indianapolis,Oakland,21,17,,0,n
2013,2,Sunday,1:00:00 PM,Indianapolis,Miami,20,24,,4,n
2013,5,Sunday,1:00:00 PM,Indianapolis,Seattle,34,28,,2,n
2013,7,Sunday,8:30:00 PM,Indianapolis,Denver,39,33,,10,n
2013,10,Sunday,1:00:00 PM,Indianapolis,St. Louis,8,38,,1,n
2013,13,Sunday,1:00:00 PM,Indianapolis,Tennessee,22,14,,3,y
2013,15,Sunday,1:00:00 PM,Indianapolis,Houston,25,3,,0,y
2013,17,Sunday,1:00:00 PM,Indianapolis,Jacksonville,30,10,,2,y
2014,2,Monday,8:30:00 PM,Indianapolis,Philadelphia,27,30,,4,n
2014,4,Sunday,1:00:00 PM,Indianapolis,Tennessee,41,17,,0,y
2014,5,Sunday,1:00:00 PM,Indianapolis,Baltimore,20,13,,0,n
2014,7,Sunday,1:00:00 PM,Indianapolis,Cincinnati,27,0,,5,n
2014,11,Sunday,8:30:00 PM,Indianapolis,New England,20,42,,3,n
2014,12,Sunday,1:00:00 PM,Indianapolis,Jacksonville,23,3,,1,y
2014,13,Sunday,1:00:00 PM,Indianapolis,Washington,49,27,,4,n
2014,15,Sunday,1:00:00 PM,Indianapolis,Houston,17,10,,0,y
2015,2,Monday,8:30:00 PM,Indianapolis,New York Jets,7,20,,3,n
2015,4,Sunday,1:00:00 PM,Indianapolis,Jacksonville,16,13,OT,0,y
2015,6,Sunday,8:30:00 PM,Indianapolis,New England,27,34,,2,n
2015,7,Sunday,1:00:00 PM,Indianapolis,New Orleans,21,27,,0,n
2015,9,Sunday,4:25:00 PM,Indianapolis,Denver,27,24,,2,n
2015,12,Sunday,1:00:00 PM,Indianapolis,Tampa Bay,25,12,,0,n
2015,15,Sunday,1:00:00 PM,Indianapolis,Houston,10,16,,3,y
2015,17,Sunday,1:00:00 PM,Indianapolis,Tennessee,30,24,,1,y
2011,1,Sunday,1:00:00 PM,Jacksonville,Tennessee,16,14,,4,y
2011,4,Sunday,1:00:00 PM,Jacksonville,New Orleans,10,23,,4,n
2011,5,Sunday,1:00:00 PM,Jacksonville,Cincinnati,20,30,,2,n
2011,7,Monday,8:30:00 PM,Jacksonville,Baltimore,12,7,,3,n
2011,12,Sunday,1:00:00 PM,Jacksonville,Houston,13,20,,1,y
2011,13,Monday,8:30:00 PM,Jacksonville,San Diego,14,38,,6,n
2011,14,Sunday,1:00:00 PM,Jacksonville,Tampa Bay,41,14,,3,n
2011,17,Sunday,1:00:00 PM,Jacksonville,Indianapolis,19,13,,1,y
2012,2,Sunday,1:00:00 PM,Jacksonville,Houston,7,27,,5,y
2012,4,Sunday,4:05:00 PM,Jacksonville,Cincinnati,10,27,,1,n
2012,5,Sunday,4:05:00 PM,Jacksonville,Chicago,3,41,,2,n
2012,9,Sunday,1:00:00 PM,Jacksonville,Detroit,14,31,,0,n
2012,10,Thursday,8:20:00 PM,Jacksonville,Indianapolis,10,27,,0,y
2012,12,Sunday,1:00:00 PM,Jacksonville,Tennessee,24,19,,0,y
2012,14,Sunday,1:00:00 PM,Jacksonville,New York Jets,10,17,,1,n
2012,16,Sunday,1:00:00 PM,Jacksonville,New England,16,23,,1,n
2013,1,Sunday,1:00:00 PM,Jacksonville,Kansas City,2,28,,3,n
2013,4,Sunday,1:00:00 PM,Jacksonville,Indianapolis,3,37,,0,y
2013,7,Sunday,1:00:00 PM,Jacksonville,San Diego,6,24,,2,n
2013,11,Sunday,1:00:00 PM,Jacksonville,Arizona,14,27,,3,n
2013,14,Thursday,8:25:00 PM,Jacksonville,Houston,27,20,,3,y
2013,15,Sunday,1:00:00 PM,Jacksonville,Buffalo,20,27,,0,n
2013,16,Sunday,1:00:00 PM,Jacksonville,Tennessee,16,20,,1,y
2014,3,Sunday,1:00:00 PM,Jacksonville,Indianapolis,17,44,,3,y
2014,5,Sunday,1:00:00 PM,Jacksonville,Pittsburgh,9,17,,3,n
2014,7,Sunday,1:00:00 PM,Jacksonville,Cleveland,24,6,,0,n
2014,8,Sunday,1:00:00 PM,Jacksonville,Miami,13,27,,3,n
2014,13,Sunday,1:00:00 PM,Jacksonville,New York Giants,25,24,,0,n
2014,14,Sunday,1:00:00 PM,Jacksonville,Houston,13,27,,0,y
2014,16,Thursday,8:30:00 PM,Jacksonville,Tennessee,21,13,,1,y
2015,1,Sunday,1:00:00 PM,Jacksonville,Carolina,9,20,,1,n
2015,2,Sunday,4:05:00 PM,Jacksonville,Miami,23,20,,2,n
2015,6,Sunday,1:00:00 PM,Jacksonville,Houston,20,31,,0,y
2015,11,Thursday,8:25:00 PM,Jacksonville,Tennessee,19,13,,1,y
2015,12,Sunday,1:00:00 PM,Jacksonville,San Diego,25,31,,0,n
2015,14,Sunday,1:00:00 PM,Jacksonville,Indianapolis,51,16,,2,y
2015,15,Sunday,1:00:00 PM,Jacksonville,Atlanta,17,23,,2,n
2011,1,Sunday,12:00:00 PM,Kansas City,Buffalo,7,41,,0,n
2011,4,Sunday,12:00:00 PM,Kansas City,Minnesota,22,17,,1,n
2011,8,Monday,7:30:00 PM,Kansas City,San Diego,23,20,OT,2,y
2011,9,Sunday,12:00:00 PM,Kansas City,Miami,3,31,,3,n
2011,10,Sunday,12:00:00 PM,Kansas City,Denver,10,17,,1,y
2011,12,Sunday,7:20:00 PM,Kansas City,Pittsburgh,9,13,,0,n
2011,15,Sunday,12:00:00 PM,Kansas City,Green Bay,19,14,,2,n
2011,16,Saturday,12:00:00 PM,Kansas City,Oakland,13,16,OT,2,y
2012,1,Sunday,12:00:00 PM,Kansas City,Atlanta,24,40,,0,n
2012,4,Sunday,12:00:00 PM,Kansas City,San Diego,20,37,,0,y
2012,5,Sunday,12:00:00 PM,Kansas City,Baltimore,6,9,,0,n
2012,8,Sunday,3:05:00 PM,Kansas City,Oakland,16,26,,4,y
2012,11,Sunday,12:00:00 PM,Kansas City,Cincinnati,6,28,,0,n
2012,12,Sunday,12:00:00 PM,Kansas City,Denver,9,17,,1,y
2012,13,Sunday,12:00:00 PM,Kansas City,Miami,27,21,,1,n
2012,16,Sunday,12:00:00 PM,Kansas City,Indianapolis,13,20,,0,n
2013,2,Sunday,12:00:00 PM,Kansas City,Dallas,17,16,,4,n
2013,4,Sunday,12:00:00 PM,Kansas City,New York Giants,31,7,,4,n
2013,6,Sunday,12:00:00 PM,Kansas City,Oakland,24,7,,0,y
2013,7,Sunday,3:25:00 PM,Kansas City,Houston,17,16,,2,n
2013,8,Sunday,12:00:00 PM,Kansas City,Cleveland,23,17,,3,n
2013,12,Sunday,12:00:00 PM,Kansas City,San Diego,38,41,,4,y
2013,13,Sunday,3:25:00 PM,Kansas City,Denver,28,35,,4,y
2013,16,Sunday,12:00:00 PM,Kansas City,Indianapolis,7,23,,0,n
2014,1,Sunday,12:00:00 PM,Kansas City,Tennessee,10,26,,1,n
2014,4,Monday,7:30:00 PM,Kansas City,New England,41,14,,5,n
2014,8,Sunday,12:00:00 PM,Kansas City,St. Louis,34,7,,2,n
2014,9,Sunday,12:00:00 PM,Kansas City,New York Jets,24,10,,1,n
2014,11,Sunday,12:00:00 PM,Kansas City,Seattle,24,20,,2,n
2014,13,Sunday,7:30:00 PM,Kansas City,Denver,16,29,,5,y
2014,15,Sunday,12:00:00 PM,Kansas City,Oakland,31,13,,8,y
2014,17,Sunday,12:00:00 PM,Kansas City,San Diego,19,7,,3,y
2015,2,Thursday,7:30:00 PM,Kansas City,Denver,24,31,,2,y
2015,5,Sunday,12:00:00 PM,Kansas City,Chicago,17,18,,0,n
2015,7,Sunday,12:00:00 PM,Kansas City,Pittsburgh,23,13,,1,n
2015,12,Sunday,12:00:00 PM,Kansas City,Buffalo,30,22,,0,n
2015,14,Sunday,12:00:00 PM,Kansas City,San Diego,10,3,,1,y
2015,16,Sunday,12:00:00 PM,Kansas City,Cleveland,17,13,,0,n
2015,17,Sunday,3:25:00 PM,Kansas City,Oakland,23,17,,2,y
2012,2,Sunday,1:02:00 PM,Miami,Oakland,35,13,,1,n
2012,3,Sunday,1:00:00 PM,Miami,New York Jets,20,23,,4,y
2012,6,Sunday,1:00:00 PM,Miami,St. Louis,17,14,,0,n
2012,10,Sunday,1:00:00 PM,Miami,Tennessee,3,37,,3,n
2012,12,Sunday,1:00:00 PM,Miami,Seattle,24,21,,0,n
2012,13,Sunday,1:00:00 PM,Miami,New England,16,23,,4,y
2012,15,Sunday,1:00:00 PM,Miami,Jacksonville,24,3,,2,n
2012,16,Sunday,1:00:00 PM,Miami,Buffalo,24,10,,5,y
2013,3,Sunday,4:05:00 PM,Miami,Atlanta,27,23,,3,n
2013,5,Sunday,1:00:00 PM,Miami,Baltimore,23,26,,0,n
2013,7,Sunday,1:00:00 PM,Miami,Buffalo,21,23,,0,y
2013,9,Thursday,8:25:00 PM,Miami,Cincinnati,22,20,OT,0,n
2013,11,Sunday,4:05:00 PM,Miami,San Diego,20,16,,4,n
2013,12,Sunday,1:00:00 PM,Miami,Carolina,16,20,,3,n
2013,15,Sunday,1:00:00 PM,Miami,New England,24,20,,1,y
2013,17,Sunday,1:00:00 PM,Miami,New York Jets,7,20,,3,y
2014,1,Sunday,1:00:00 PM,Miami,New England,33,20,,2,y
2014,3,Sunday,4:25:00 PM,Miami,Kansas City,14,34,,4,n
2014,6,Sunday,1:00:00 PM,Miami,Green Bay,24,27,,4,n
2014,9,Sunday,1:00:00 PM,Miami,San Diego,37,0,,5,n
2014,11,Thursday,8:25:00 PM,Miami,Buffalo,22,9,,4,y
2014,14,Sunday,1:00:00 PM,Miami,Baltimore,13,28,,1,n
2014,16,Sunday,1:00:00 PM,Miami,Minnesota,37,35,,2,n
2014,17,Sunday,1:00:00 PM,Miami,New York Jets,24,37,,7,y
2015,3,Sunday,4:25:00 PM,Miami,Buffalo,14,41,,5,y
2015,7,Sunday,1:00:00 PM,Miami,Houston,44,26,,1,n
2015,11,Sunday,1:00:00 PM,Miami,Dallas,14,24,,1,n
2015,13,Sunday,1:00:00 PM,Miami,Baltimore,15,13,,2,n
2015,14,Monday,8:30:00 PM,Miami,New York Giants,24,31,,2,n
2015,16,Sunday,1:00:00 PM,Miami,Indianapolis,12,18,,0,n
2015,17,Sunday,1:00:00 PM,Miami,New England,20,10,,1,y
2011,2,Sunday,4:15:00 PM,New England,San Diego,35,21,,4,n
2011,5,Sunday,4:15:00 PM,New England,New York Jets,30,21,,6,y
2011,6,Sunday,4:15:00 PM,New England,Dallas,20,16,,7,n
2011,9,Sunday,4:15:00 PM,New England,New York Giants,20,24,,2,n
2011,11,Monday,8:30:00 PM,New England,Kansas City,34,3,,12,n
2011,13,Sunday,1:00:00 PM,New England,Indianapolis,31,24,,6,n
2011,16,Saturday,1:00:00 PM,New England,Miami,27,24,,3,y
2011,17,Sunday,1:00:00 PM,New England,Buffalo,49,21,,1,y
2012,2,Sunday,1:00:00 PM,New England,Arizona,18,20,,9,n
2012,5,Sunday,4:25:00 PM,New England,Denver,31,21,,6,n
2012,7,Sunday,4:25:00 PM,New England,New York Jets,29,26,OT,4,y
2012,10,Sunday,1:00:00 PM,New England,Buffalo,37,31,,5,y
2012,11,Sunday,4:25:00 PM,New England,Indianapolis,59,24,,3,n
2012,14,Monday,8:30:00 PM,New England,Houston,42,14,,7,n
2012,15,Sunday,8:20:00 PM,New England,San Francisco,34,41,,7,n
2012,17,Sunday,4:25:00 PM,New England,Miami,28,0,,2,y
2013,2,Thursday,8:25:00 PM,New England,New York Jets,13,10,,14,y
2013,3,Sunday,1:00:00 PM,New England,Tampa Bay,23,3,,1,n
2013,6,Sunday,4:25:00 PM,New England,New Orleans,30,27,,6,n
2013,8,Sunday,1:00:00 PM,New England,Miami,27,17,,1,y
2013,9,Sunday,4:25:00 PM,New England,Pittsburgh,55,31,,2,n
2013,12,Sunday,8:30:00 PM,New England,Denver,34,31,OT,4,n
2013,14,Sunday,1:00:00 PM,New England,Cleveland,27,26,,5,n
2013,17,Sunday,4:25:00 PM,New England,Buffalo,34,20,,4,y
2014,3,Sunday,1:00:00 PM,New England,Oakland,16,9,,7,n
2014,5,Sunday,8:30:00 PM,New England,Cincinnati,43,17,,7,n
2014,7,Thursday,8:30:00 PM,New England,New York Jets,27,25,,7,y
2014,8,Sunday,1:00:00 PM,New England,Chicago,51,23,,6,n
2014,9,Sunday,4:25:00 PM,New England,Denver,43,21,,1,n
2014,12,Sunday,1:00:00 PM,New England,Detroit,34,9,,2,n
2014,15,Sunday,1:00:00 PM,New England,Miami,41,13,,6,y
2014,17,Sunday,1:00:00 PM,New England,Buffalo,9,17,,2,y
2015,1,Thursday,8:30:00 PM,New England,Pittsburgh,28,21,,4,n
2015,3,Sunday,1:00:00 PM,New England,Jacksonville,51,17,,0,n
2015,7,Sunday,1:00:00 PM,New England,New York Jets,30,23,,3,y
2015,8,Thursday,8:25:00 PM,New England,Miami,36,7,,6,y
2015,9,Sunday,1:00:00 PM,New England,Washington,27,10,,2,n
2015,11,Monday,8:30:00 PM,New England,Buffalo,20,13,,9,y
2015,13,Sunday,4:25:00 PM,New England,Philadelphia,28,35,,3,n
2015,15,Sunday,1:00:00 PM,New England,Tennessee,33,16,,2,n
2011,2,Monday,8:30:00 PM,New York Giants,St. Louis,28,16,,18,n
2011,5,Sunday,1:00:00 PM,New York Giants,Seattle,25,36,,15,n
2011,6,Sunday,1:00:00 PM,New York Giants,Buffalo,27,24,,19,n
2011,8,Sunday,1:00:00 PM,New York Giants,Miami,20,17,,23,n
2011,11,Sunday,8:20:00 PM,New York Giants,Philadelphia,10,17,,26,y
2011,13,Sunday,4:15:00 PM,New York Giants,Green Bay,35,38,,35,n
2011,15,Sunday,1:00:00 PM,New York Giants,Washington,10,23,,31,y
2011,17,Sunday,8:20:00 PM,New York Giants,Dallas,31,14,,21,y
2012,1,Wednesday,8:20:00 PM,New York Giants,Dallas,17,24,,39,y
2012,2,Sunday,1:00:00 PM,New York Giants,Tampa Bay,41,34,,6,n
2012,5,Sunday,1:00:00 PM,New York Giants,Cleveland,41,27,,12,n
2012,7,Sunday,1:00:00 PM,New York Giants,Washington,27,23,,16,y
2012,9,Sunday,4:25:00 PM,New York Giants,Pittsburgh,20,24,,20,n
2012,12,Sunday,8:20:00 PM,New York Giants,Green Bay,38,10,,23,n
2012,14,Sunday,4:25:00 PM,New York Giants,New Orleans,52,27,,14,n
2012,17,Sunday,1:00:00 PM,New York Giants,Philadelphia,42,7,,15,y
2013,2,Sunday,4:25:00 PM,New York Giants,Denver,23,41,,21,n
2013,5,Sunday,1:00:00 PM,New York Giants,Philadelphia,21,36,,12,y
2013,7,Monday,8:40:00 PM,New York Giants,Minnesota,23,7,,19,n
2013,10,Sunday,1:00:00 PM,New York Giants,Oakland,24,20,,29,n
2013,11,Sunday,4:25:00 PM,New York Giants,Green Bay,27,13,,16,n
2013,12,Sunday,4:25:00 PM,New York Giants,Dallas,21,24,,46,y
2013,15,Sunday,1:00:00 PM,New York Giants,Seattle,0,23,,29,n
2013,17,Sunday,1:00:00 PM,New York Giants,Washington,20,6,,10,y
2014,2,Sunday,1:00:00 PM,New York Giants,Arizona,14,25,,16,n
2014,3,Sunday,1:00:00 PM,New York Giants,Houston,30,17,,22,n
2014,5,Sunday,1:00:00 PM,New York Giants,Atlanta,30,20,,24,n
2014,9,Monday,8:30:00 PM,New York Giants,Indianapolis,24,40,,20,n
2014,11,Sunday,1:00:00 PM,New York Giants,San Francisco,10,16,,23,n
2014,12,Sunday,8:30:00 PM,New York Giants,Dallas,28,31,,33,y
2014,15,Sunday,1:00:00 PM,New York Giants,Washington,24,13,,9,y
2014,17,Sunday,1:00:00 PM,New York Giants,Philadelphia,26,34,,28,y
2015,2,Sunday,1:00:00 PM,New York Giants,Atlanta,20,24,,18,n
2015,3,Thursday,8:25:00 PM,New York Giants,Washington,32,21,,24,y
2015,5,Sunday,8:30:00 PM,New York Giants,San Francisco,30,27,,26,n
2015,7,Sunday,4:25:00 PM,New York Giants,Dallas,27,20,,35,y
2015,10,Sunday,4:25:00 PM,New York Giants,New England,26,27,,22,n
2015,13,Sunday,1:00:00 PM,New York Giants,New York Jets,20,23,OT,39,n
2015,15,Sunday,1:00:00 PM,New York Giants,Carolina,35,38,,31,n
2015,17,Sunday,1:00:00 PM,New York Giants,Philadelphia,30,35,,14,y
2011,1,Sunday,8:20:00 PM,New York Jets,Dallas,27,24,,34,n
2011,2,Sunday,1:00:00 PM,New York Jets,Jacksonville,32,3,,23,n
2011,6,Monday,8:30:00 PM,New York Jets,Miami,24,6,,28,y
2011,7,Sunday,1:00:00 PM,New York Jets,San Diego,27,21,,20,n
2011,10,Sunday,8:20:00 PM,New York Jets,New England,16,37,,30,y
2011,12,Sunday,1:00:00 PM,New York Jets,Buffalo,28,24,,12,y
2011,14,Sunday,1:00:00 PM,New York Jets,Kansas City,37,10,,14,n
2011,16,Saturday,1:00:00 PM,New York Jets,New York Giants,14,29,,31,n
2012,1,Sunday,1:00:00 PM,New York Jets,Buffalo,48,28,,22,y
2012,4,Sunday,1:00:00 PM,New York Jets,San Francisco,0,34,,18,n
2012,5,Monday,8:30:00 PM,New York Jets,Houston,17,23,,15,n
2012,6,Sunday,1:00:00 PM,New York Jets,Indianapolis,35,9,,10,n
2012,8,Sunday,1:00:00 PM,New York Jets,Miami,9,30,,16,y
2012,12,Thursday,8:20:00 PM,New York Jets,New England,19,49,,38,y
2012,14,Sunday,1:00:00 PM,New York Jets,Arizona,7,6,,11,n
2012,16,Sunday,1:00:00 PM,New York Jets,San Diego,17,27,,18,n
2013,1,Sunday,1:00:00 PM,New York Jets,Tampa Bay,18,17,,17,n
2013,3,Sunday,4:25:00 PM,New York Jets,Buffalo,27,20,,22,y
2013,6,Sunday,1:00:00 PM,New York Jets,Pittsburgh,6,19,,20,n
2013,7,Sunday,1:00:00 PM,New York Jets,New England,30,27,OT,29,y
2013,9,Sunday,1:00:00 PM,New York Jets,New Orleans,26,20,,11,n
2013,13,Sunday,1:00:00 PM,New York Jets,Miami,3,23,,26,y
2013,14,Sunday,1:00:00 PM,New York Jets,Oakland,37,27,,8,n
2013,16,Sunday,1:00:00 PM,New York Jets,Cleveland,24,13,,10,n
2014,1,Sunday,1:00:00 PM,New York Jets,Oakland,19,14,,12,n
2014,3,Monday,8:30:00 PM,New York Jets,Chicago,19,27,,27,n
2014,4,Sunday,1:00:00 PM,New York Jets,Detroit,17,24,,22,n
2014,6,Sunday,1:00:00 PM,New York Jets,Denver,17,31,,18,n
2014,8,Sunday,1:00:00 PM,New York Jets,Buffalo,23,43,,25,y
2014,10,Sunday,1:00:00 PM,New York Jets,Pittsburgh,20,13,,14,n
2014,13,Monday,8:30:00 PM,New York Jets,Miami,13,16,,20,y
2014,16,Sunday,1:00:00 PM,New York Jets,New England,16,17,,28,y
2015,1,Sunday,1:00:00 PM,New York Jets,Cleveland,31,10,,7,n
2015,3,Sunday,1:00:00 PM,New York Jets,Philadelphia,17,24,,26,n
2015,6,Sunday,1:00:00 PM,New York Jets,Washington,34,20,,28,n
2015,9,Sunday,1:00:00 PM,New York Jets,Jacksonville,28,23,,15,n
2015,10,Thursday,8:25:00 PM,New York Jets,Buffalo,17,22,,44,y
2015,12,Sunday,1:00:00 PM,New York Jets,Miami,38,20,,27,y
2015,14,Sunday,1:00:00 PM,New York Jets,Tennessee,30,8,,30,n
2015,16,Sunday,1:00:00 PM,New York Jets,New England,26,20,OT,32,y
2011,3,Sunday,1:05:00 PM,Oakland,New York Jets,34,24,,12,n
2011,4,Sunday,1:15:00 PM,Oakland,New England,19,31,,15,n
2011,6,Sunday,1:05:00 PM,Oakland,Cleveland,24,17,,7,n
2011,7,Sunday,1:05:00 PM,Oakland,Kansas City,0,28,,12,y
2011,9,Sunday,1:05:00 PM,Oakland,Denver,24,38,,28,y
2011,12,Sunday,1:05:00 PM,Oakland,Chicago,25,20,,15,n
2011,15,Sunday,1:05:00 PM,Oakland,Detroit,27,28,,19,n
2011,17,Sunday,1:15:00 PM,Oakland,San Diego,26,38,,19,y
2012,1,Monday,7:15:00 PM,Oakland,San Diego,14,22,,17,y
2012,3,Sunday,1:25:00 PM,Oakland,Pittsburgh,34,31,,25,n
2012,7,Sunday,1:25:00 PM,Oakland,Jacksonville,26,23,OT,16,n
2012,9,Sunday,1:05:00 PM,Oakland,Tampa Bay,32,42,,17,n
2012,11,Sunday,1:05:00 PM,Oakland,New Orleans,17,38,,19,n
2012,13,Sunday,1:25:00 PM,Oakland,Cleveland,17,20,,7,n
2012,14,Thursday,5:20:00 PM,Oakland,Denver,13,26,,24,y
2012,15,Sunday,1:25:00 PM,Oakland,Kansas City,0,15,,8,y
2013,2,Sunday,1:25:00 PM,Oakland,Jacksonville,19,9,,10,n
2013,4,Sunday,1:25:00 PM,Oakland,Washington,14,24,,15,n
2013,5,Sunday,8:35:00 PM,Oakland,San Diego,27,17,,20,y
2013,8,Sunday,1:05:00 PM,Oakland,Pittsburgh,21,18,,14,n
2013,9,Sunday,1:05:00 PM,Oakland,Philadelphia,20,49,,13,n
2013,12,Sunday,1:05:00 PM,Oakland,Tennessee,19,23,,20,n
2013,15,Sunday,1:05:00 PM,Oakland,Kansas City,31,56,,21,y
2013,17,Sunday,1:25:00 PM,Oakland,Denver,14,34,,10,y
2014,2,Sunday,1:25:00 PM,Oakland,Houston,14,30,,18,n
2014,6,Sunday,1:05:00 PM,Oakland,San Diego,28,31,,30,y
2014,7,Sunday,1:25:00 PM,Oakland,Arizona,13,24,,25,n
2014,14,Sunday,1:25:00 PM,Oakland,San Francisco,24,13,,49,n
2014,16,Sunday,1:25:00 PM,Oakland,Buffalo,26,24,,21,n
2015,1,Sunday,1:25:00 PM,Oakland,Cincinnati,13,33,,11,n
2015,2,Sunday,1:05:00 PM,Oakland,Baltimore,37,33,,18,n
2015,5,Sunday,1:25:00 PM,Oakland,Denver,10,16,,21,y
2015,8,Sunday,1:05:00 PM,Oakland,New York Jets,34,20,,16,n
2015,10,Sunday,1:05:00 PM,Oakland,Minnesota,14,30,,22,n
2015,13,Sunday,1:05:00 PM,Oakland,Kansas City,20,34,,19,y
2015,15,Sunday,1:05:00 PM,Oakland,Green Bay,20,30,,15,n
2015,16,Thursday,5:25:00 PM,Oakland,San Diego,23,20,,10,y
2011,3,Sunday,1:00:00 PM,Philadelphia,New York Giants,16,29,,2,y
2011,4,Sunday,1:00:00 PM,Philadelphia,San Francisco,23,24,,5,n
2011,8,Sunday,8:20:00 PM,Philadelphia,Dallas,34,7,,5,y
2011,9,Monday,8:30:00 PM,Philadelphia,Chicago,24,30,,2,n
2011,10,Sunday,1:00:00 PM,Philadelphia,Arizona,17,21,,2,n
2011,12,Sunday,4:15:00 PM,Philadelphia,New England,20,38,,2,n
2011,15,Sunday,4:15:00 PM,Philadelphia,New York Jets,45,19,,1,n
2011,17,Sunday,1:00:00 PM,Philadelphia,Washington,34,10,,2,y
2012,2,Sunday,1:00:00 PM,Philadelphia,Baltimore,24,23,,2,n
2012,4,Sunday,8:20:00 PM,Philadelphia,New York Giants,19,17,,6,y
2012,6,Sunday,1:00:00 PM,Philadelphia,Detroit,23,26,OT,1,n
2012,8,Sunday,1:00:00 PM,Philadelphia,Atlanta,17,30,,0,n
2012,10,Sunday,4:25:00 PM,Philadelphia,Dallas,23,38,,4,y
2012,12,Monday,8:30:00 PM,Philadelphia,Carolina,22,30,,1,n
2012,15,Thursday,8:20:00 PM,Philadelphia,Cincinnati,13,34,,1,n
2012,16,Sunday,1:00:00 PM,Philadelphia,Washington,20,27,,1,y
2013,2,Sunday,1:00:00 PM,Philadelphia,San Diego,30,33,,2,n
2013,3,Thursday,8:25:00 PM,Philadelphia,Kansas City,16,26,,2,n
2013,7,Sunday,1:00:00 PM,Philadelphia,Dallas,3,17,,1,y
2013,8,Sunday,1:00:00 PM,Philadelphia,New York Giants,7,15,,18,y
2013,11,Sunday,1:00:00 PM,Philadelphia,Washington,24,16,,3,y
2013,13,Sunday,1:00:00 PM,Philadelphia,Arizona,24,21,,3,n
2013,14,Sunday,1:00:00 PM,Philadelphia,Detroit,34,20,,10,n
2013,16,Sunday,8:30:00 PM,Philadelphia,Chicago,54,11,,12,n
2014,1,Sunday,1:00:00 PM,Philadelphia,Jacksonville,34,17,,3,n
2014,3,Sunday,1:00:00 PM,Philadelphia,Washington,37,34,,3,y
2014,5,Sunday,1:00:00 PM,Philadelphia,St. Louis,34,28,,1,n
2014,6,Sunday,8:30:00 PM,Philadelphia,New York Giants,27,0,,1,y
2014,10,Monday,8:30:00 PM,Philadelphia,Carolina,45,21,,1,n
2014,12,Sunday,1:00:00 PM,Philadelphia,Tennessee,43,24,,5,n
2014,14,Sunday,4:25:00 PM,Philadelphia,Seattle,14,24,,2,n
2014,15,Sunday,8:30:00 PM,Philadelphia,Dallas,27,38,,4,y
2015,2,Sunday,4:25:00 PM,Philadelphia,Dallas,10,20,,5,y
2015,5,Sunday,1:00:00 PM,Philadelphia,New Orleans,39,17,,0,n
2015,6,Monday,8:30:00 PM,Philadelphia,New York Giants,27,7,,2,y
2015,10,Sunday,1:00:00 PM,Philadelphia,Miami,19,20,,2,n
2015,11,Sunday,1:00:00 PM,Philadelphia,Tampa Bay,17,45,,0,n
2015,14,Sunday,1:00:00 PM,Philadelphia,Buffalo,23,20,,1,n
2015,15,Sunday,8:30:00 PM,Philadelphia,Arizona,17,40,,5,n
2015,16,Saturday,8:25:00 PM,Philadelphia,Washington,24,38,,3,y
2011,2,Sunday,1:00:00 PM,Pittsburgh,Seattle,24,0,,15,n
2011,5,Sunday,1:00:00 PM,Pittsburgh,Tennessee,38,17,,19,n
2011,6,Sunday,1:00:00 PM,Pittsburgh,Jacksonville,17,13,,24,n
2011,8,Sunday,4:15:00 PM,Pittsburgh,New England,25,17,,12,n
2011,9,Sunday,8:20:00 PM,Pittsburgh,Baltimore,20,23,,21,y
2011,13,Sunday,1:00:00 PM,Pittsburgh,Cincinnati,35,7,,9,y
2011,14,Thursday,8:20:00 PM,Pittsburgh,Cleveland,14,3,,16,y
2011,16,Saturday,1:00:00 PM,Pittsburgh,St. Louis,27,0,,10,n
2012,2,Sunday,4:25:00 PM,Pittsburgh,New York Jets,27,10,,25,n
2012,5,Sunday,1:00:00 PM,Pittsburgh,Philadelphia,16,14,,18,n
2012,8,Sunday,1:00:00 PM,Pittsburgh,Washington,27,12,,23,n
2012,10,Monday,8:30:00 PM,Pittsburgh,Kansas City,16,13,OT,25,n
2012,11,Sunday,8:20:00 PM,Pittsburgh,Baltimore,10,13,,52,y
2012,14,Sunday,1:00:00 PM,Pittsburgh,San Diego,24,34,,31,n
2012,16,Sunday,1:00:00 PM,Pittsburgh,Cincinnati,10,13,,30,y
2012,17,Sunday,1:00:00 PM,Pittsburgh,Cleveland,24,10,,3,y
2013,1,Sunday,1:00:00 PM,Pittsburgh,Tennessee,9,16,,37,n
2013,3,Sunday,8:30:00 PM,Pittsburgh,Chicago,23,40,,56,n
2013,7,Sunday,4:25:00 PM,Pittsburgh,Baltimore,19,16,,16,y
2013,10,Sunday,1:00:00 PM,Pittsburgh,Buffalo,23,10,,19,n
2013,11,Sunday,1:00:00 PM,Pittsburgh,Detroit,37,27,,34,n
2013,14,Sunday,1:00:00 PM,Pittsburgh,Miami,28,34,,6,n
2013,15,Sunday,8:30:00 PM,Pittsburgh,Cincinnati,30,20,,10,y
2013,17,Sunday,1:00:00 PM,Pittsburgh,Cleveland,20,7,,7,y
2014,1,Sunday,1:00:00 PM,Pittsburgh,Cleveland,30,27,,9,y
2014,4,Sunday,1:00:00 PM,Pittsburgh,Tampa Bay,24,27,,10,n
2014,7,Monday,8:30:00 PM,Pittsburgh,Houston,30,23,,11,n
2014,8,Sunday,4:25:00 PM,Pittsburgh,Indianapolis,51,34,,22,n
2014,9,Sunday,8:30:00 PM,Pittsburgh,Baltimore,43,23,,25,y
2014,13,Sunday,1:00:00 PM,Pittsburgh,New Orleans,32,35,,9,n
2014,16,Sunday,1:00:00 PM,Pittsburgh,Kansas City,20,12,,10,n
2014,17,Sunday,8:30:00 PM,Pittsburgh,Cincinnati,27,17,,17,y
2015,2,Sunday,1:00:00 PM,Pittsburgh,San Francisco,43,18,,4,n
2015,4,Thursday,8:30:00 PM,Pittsburgh,Baltimore,20,23,OT,1,y
2015,6,Sunday,1:00:00 PM,Pittsburgh,Arizona,25,13,,8,n
2015,8,Sunday,1:00:00 PM,Pittsburgh,Cincinnati,10,16,,3,y
2015,9,Sunday,1:00:00 PM,Pittsburgh,Oakland,38,35,,8,n
2015,10,Sunday,1:00:00 PM,Pittsburgh,Cleveland,30,9,,7,y
2015,13,Sunday,8:30:00 PM,Pittsburgh,Indianapolis,45,10,,3,n
2015,15,Sunday,4:25:00 PM,Pittsburgh,Denver,34,27,,5,n
2011,1,Sunday,1:15:00 PM,San Diego,Minnesota,24,17,,15,n
2011,3,Sunday,1:05:00 PM,San Diego,Kansas City,20,17,,37,y
2011,4,Sunday,1:15:00 PM,San Diego,Miami,26,16,,29,n
2011,9,Sunday,1:15:00 PM,San Diego,Green Bay,38,45,,30,n
2011,10,Thursday,5:20:00 PM,San Diego,Oakland,17,24,,69,y
2011,12,Sunday,1:15:00 PM,San Diego,Denver,13,16,OT,41,y
2011,14,Sunday,1:15:00 PM,San Diego,Buffalo,37,10,,30,n
2011,15,Sunday,5:20:00 PM,San Diego,Baltimore,34,14,,0,n
2012,2,Sunday,1:25:00 PM,San Diego,Tennessee,38,10,,23,n
2012,3,Sunday,1:05:00 PM,San Diego,Atlanta,3,27,,47,n
2012,6,Monday,5:30:00 PM,San Diego,Denver,24,35,,45,y
2012,9,Thursday,5:20:00 PM,San Diego,Kansas City,31,13,,40,y
2012,12,Sunday,1:05:00 PM,San Diego,Baltimore,13,16,OT,31,n
2012,13,Sunday,1:25:00 PM,San Diego,Cincinnati,13,20,,19,n
2012,15,Sunday,1:05:00 PM,San Diego,Carolina,7,31,,12,n
2012,17,Sunday,1:25:00 PM,San Diego,Oakland,24,21,,60,y
2013,1,Monday,7:20:00 PM,San Diego,Houston,28,31,,29,n
2013,4,Sunday,1:25:00 PM,San Diego,Dallas,30,21,,40,n
2013,6,Monday,5:40:00 PM,San Diego,Indianapolis,24,6,,13,n
2013,10,Sunday,1:25:00 PM,San Diego,Denver,20,28,,16,y
2013,13,Sunday,1:25:00 PM,San Diego,Cincinnati,10,17,,24,n
2013,14,Sunday,1:25:00 PM,San Diego,New York Giants,37,14,,19,n
2013,16,Sunday,1:25:00 PM,San Diego,Oakland,26,13,,36,y
2013,17,Sunday,1:25:00 PM,San Diego,Kansas City,27,24,OT,8,y
2014,2,Sunday,1:05:00 PM,San Diego,Seattle,30,21,,20,n
2014,4,Sunday,1:05:00 PM,San Diego,Jacksonville,33,14,,8,n
2014,5,Sunday,1:25:00 PM,San Diego,New York Jets,31,0,,18,n
2014,7,Sunday,1:05:00 PM,San Diego,Kansas City,20,23,,19,y
2014,11,Sunday,1:05:00 PM,San Diego,Oakland,13,6,,19,y
2014,12,Sunday,1:05:00 PM,San Diego,St. Louis,27,24,,19,n
2014,14,Sunday,5:30:00 PM,San Diego,New England,14,23,,17,n
2014,15,Sunday,1:05:00 PM,San Diego,Denver,10,22,,17,y
2015,1,Sunday,1:25:00 PM,San Diego,Detroit,33,28,,18,n
2015,4,Sunday,1:05:00 PM,San Diego,Cleveland,30,27,,14,n
2015,5,Monday,5:30:00 PM,San Diego,Pittsburgh,20,24,,13,n
2015,7,Sunday,1:05:00 PM,San Diego,Oakland,29,37,,13,y
2015,9,Monday,5:30:00 PM,San Diego,Chicago,19,22,,17,n
2015,11,Sunday,1:05:00 PM,San Diego,Kansas City,3,33,,8,y
2015,13,Sunday,1:05:00 PM,San Diego,Denver,3,17,,14,y
2015,15,Sunday,1:25:00 PM,San Diego,Miami,30,14,,36,n
2011,1,Sunday,1:15:00 PM,San Francisco,Seattle,33,17,,3,y
2011,2,Sunday,1:05:00 PM,San Francisco,Dallas,24,27,OT,4,n
2011,5,Sunday,1:05:00 PM,San Francisco,Tampa Bay,48,3,,3,n
2011,8,Sunday,1:15:00 PM,San Francisco,Cleveland,20,10,,1,n
2011,10,Sunday,1:15:00 PM,San Francisco,New York Giants,27,20,,0,n
2011,11,Sunday,1:05:00 PM,San Francisco,Arizona,23,7,,4,y
2011,13,Sunday,1:15:00 PM,San Francisco,St. Louis,26,0,,4,y
2011,15,Monday,5:30:00 PM,San Francisco,Pittsburgh,20,3,,10,n
2012,2,Sunday,5:20:00 PM,San Francisco,Detroit,27,19,,1,n
2012,5,Sunday,1:25:00 PM,San Francisco,Buffalo,13,6,,7,n
2012,6,Sunday,1:25:00 PM,San Francisco,New York Giants,3,26,,2,n
2012,7,Thursday,5:30:00 PM,San Francisco,Seattle,13,6,,6,y
2012,10,Sunday,1:25:00 PM,San Francisco,St. Louis,24,24,OT,8,y
2012,11,Monday,5:40:00 PM,San Francisco,Chicago,32,7,,1,n
2012,14,Sunday,1:05:00 PM,San Francisco,Miami,27,13,,12,n
2012,17,Sunday,1:25:00 PM,San Francisco,Arizona,27,13,,5,y
2013,1,Sunday,1:25:00 PM,San Francisco,Green Bay,34,28,,5,n
2013,3,Sunday,1:25:00 PM,San Francisco,Indianapolis,7,27,,6,n
2013,5,Sunday,5:30:00 PM,San Francisco,Houston,34,3,,1,n
2013,6,Sunday,1:25:00 PM,San Francisco,Arizona,32,20,,6,y
2013,10,Sunday,1:05:00 PM,San Francisco,Carolina,9,10,,1,n
2013,13,Sunday,1:05:00 PM,San Francisco,St. Louis,23,13,,3,y
2013,14,Sunday,1:25:00 PM,San Francisco,Seattle,19,17,,6,y
2013,16,Monday,5:40:00 PM,San Francisco,Atlanta,34,24,,0,n
2014,2,Sunday,5:30:00 PM,San Francisco,Chicago,20,28,,35,n
2014,4,Sunday,1:25:00 PM,San Francisco,Philadelphia,26,21,,20,n
2014,5,Sunday,1:25:00 PM,San Francisco,Kansas City,22,17,,33,n
2014,9,Sunday,1:05:00 PM,San Francisco,St. Louis,10,13,,25,y
2014,12,Sunday,1:25:00 PM,San Francisco,Washington,17,13,,24,n
2014,13,Thursday,5:30:00 PM,San Francisco,Seattle,3,19,,30,y
2014,16,Saturday,5:25:00 PM,San Francisco,San Diego,35,38,OT,25,n
2014,17,Sunday,1:25:00 PM,San Francisco,Arizona,20,17,,18,y
2015,1,Monday,7:20:00 PM,San Francisco,Minnesota,20,3,,28,n
2015,4,Sunday,1:25:00 PM,San Francisco,Green Bay,3,17,,14,n
2015,6,Sunday,1:25:00 PM,San Francisco,Baltimore,25,20,,24,n
2015,7,Thursday,5:25:00 PM,San Francisco,Seattle,3,20,,18,y
2015,9,Sunday,1:05:00 PM,San Francisco,Atlanta,17,16,,22,n
2015,12,Sunday,1:05:00 PM,San Francisco,Arizona,13,19,,12,y
2015,15,Sunday,1:25:00 PM,San Francisco,Cincinnati,14,24,,9,n
2015,17,Sunday,1:25:00 PM,San Francisco,St. Louis,19,16,OT,18,y
2011,3,Sunday,1:15:00 PM,Seattle,Arizona,13,10,,0,y
2011,4,Sunday,1:05:00 PM,Seattle,Atlanta,28,30,,0,n
2011,8,Sunday,1:15:00 PM,Seattle,Cincinnati,12,34,,0,n
2011,10,Sunday,1:05:00 PM,Seattle,Baltimore,22,17,,0,n
2011,12,Sunday,1:05:00 PM,Seattle,Washington,17,23,,0,n
2011,13,Thursday,5:20:00 PM,Seattle,Philadelphia,31,14,,1,n
2011,14,Monday,5:30:00 PM,Seattle,St. Louis,30,13,,0,y
2011,16,Saturday,1:15:00 PM,Seattle,San Francisco,17,19,,1,y
2012,2,Sunday,1:06:00 PM,Seattle,Dallas,27,7,,0,n
2012,3,Monday,5:41:00 PM,Seattle,Green Bay,14,12,,3,n
2012,6,Sunday,1:05:00 PM,Seattle,New England,24,23,,2,n
2012,9,Sunday,1:05:00 PM,Seattle,Minnesota,30,20,,5,n
2012,10,Sunday,1:05:00 PM,Seattle,New York Jets,28,7,,1,n
2012,14,Sunday,1:26:00 PM,Seattle,Arizona,58,0,,2,y
2012,16,Sunday,5:31:00 PM,Seattle,San Francisco,42,13,,4,y
2012,17,Sunday,1:26:00 PM,Seattle,St. Louis,20,13,,0,y
2013,2,Sunday,5:31:00 PM,Seattle,San Francisco,29,3,,2,y
2013,3,Sunday,1:26:00 PM,Seattle,Jacksonville,45,17,,1,n
2013,6,Sunday,1:06:00 PM,Seattle,Tennessee,20,13,,0,n
2013,9,Sunday,1:05:00 PM,Seattle,Tampa Bay,27,24,OT,2,n
2013,11,Sunday,1:26:00 PM,Seattle,Minnesota,41,10,,0,n
2013,13,Monday,5:41:00 PM,Seattle,New Orleans,34,7,,1,n
2013,16,Sunday,1:06:00 PM,Seattle,Arizona,10,17,,1,y
2013,17,Sunday,1:26:00 PM,Seattle,St. Louis,27,9,,1,y
2014,1,Thursday,5:42:00 PM,Seattle,Green Bay,36,16,,0,n
2014,3,Sunday,1:25:00 PM,Seattle,Denver,26,20,OT,1,n
2014,6,Sunday,1:26:00 PM,Seattle,Dallas,23,30,,0,n
2014,9,Sunday,1:26:00 PM,Seattle,Oakland,30,24,,0,n
2014,10,Sunday,1:26:00 PM,Seattle,New York Giants,38,17,,0,n
2014,12,Sunday,1:06:00 PM,Seattle,Arizona,19,3,,0,y
2014,15,Sunday,1:26:00 PM,Seattle,San Francisco,17,7,,1,y
2014,17,Sunday,1:27:00 PM,Seattle,St. Louis,20,6,,0,y
2015,3,Sunday,1:25:00 PM,Seattle,Chicago,26,0,,0,n
2015,4,Monday,5:30:00 PM,Seattle,Detroit,13,10,,1,n
2015,6,Sunday,1:05:00 PM,Seattle,Carolina,23,27,,1,n
2015,10,Sunday,5:30:00 PM,Seattle,Arizona,32,39,,1,y
2015,11,Sunday,1:25:00 PM,Seattle,San Francisco,29,13,,0,y
2015,12,Sunday,1:25:00 PM,Seattle,Pittsburgh,39,30,,0,n
2015,15,Sunday,1:05:00 PM,Seattle,Cleveland,30,13,,0,n
2015,16,Sunday,1:25:00 PM,Seattle,St. Louis,17,23,,0,y
2011,1,Sunday,1:00:00 PM,Tampa Bay,Detroit,20,27,,0,n
2011,3,Sunday,4:15:00 PM,Tampa Bay,Atlanta,16,13,,2,y
2011,4,Monday,8:30:00 PM,Tampa Bay,Indianapolis,24,17,,1,n
2011,6,Sunday,4:15:00 PM,Tampa Bay,New Orleans,26,20,,1,y
2011,10,Sunday,1:00:00 PM,Tampa Bay,Houston,9,37,,2,n
2011,13,Sunday,1:00:00 PM,Tampa Bay,Carolina,19,38,,2,y
2011,15,Saturday,8:20:00 PM,Tampa Bay,Dallas,15,31,,2,n
2012,1,Sunday,4:25:00 PM,Tampa Bay,Carolina,16,10,,1,y
2012,4,Sunday,4:25:00 PM,Tampa Bay,Washington,22,24,,2,n
2012,6,Sunday,1:00:00 PM,Tampa Bay,Kansas City,38,10,,0,n
2012,7,Sunday,1:00:00 PM,Tampa Bay,New Orleans,28,35,,1,y
2012,10,Sunday,1:00:00 PM,Tampa Bay,San Diego,34,24,,1,n
2012,12,Sunday,1:00:00 PM,Tampa Bay,Atlanta,23,24,,2,y
2012,14,Sunday,1:00:00 PM,Tampa Bay,Philadelphia,21,23,,1,n
2012,16,Sunday,1:00:00 PM,Tampa Bay,St. Louis,13,28,,0,n
2013,2,Sunday,4:05:00 PM,Tampa Bay,New Orleans,14,16,,2,y
2013,4,Sunday,1:00:00 PM,Tampa Bay,Arizona,10,13,,0,n
2013,6,Sunday,1:00:00 PM,Tampa Bay,Philadelphia,20,31,,2,n
2013,8,Thursday,8:25:00 PM,Tampa Bay,Carolina,13,31,,0,y
2013,10,Monday,8:40:00 PM,Tampa Bay,Miami,22,19,,1,n
2013,11,Sunday,1:00:00 PM,Tampa Bay,Atlanta,41,28,,0,y
2013,14,Sunday,1:00:00 PM,Tampa Bay,Buffalo,27,6,,2,n
2013,15,Sunday,1:00:00 PM,Tampa Bay,San Francisco,14,33,,1,n
2014,1,Sunday,4:25:00 PM,Tampa Bay,Carolina,14,20,,1,y
2014,2,Sunday,4:05:00 PM,Tampa Bay,St. Louis,17,19,,0,n
2014,6,Sunday,1:00:00 PM,Tampa Bay,Baltimore,17,48,,0,n
2014,8,Sunday,1:00:00 PM,Tampa Bay,Minnesota,13,19,OT,0,n
2014,10,Sunday,1:00:00 PM,Tampa Bay,Atlanta,17,27,,0,y
2014,13,Sunday,1:00:00 PM,Tampa Bay,Cincinnati,13,14,,0,n
2014,16,Sunday,1:00:00 PM,Tampa Bay,Green Bay,3,20,,1,n
2014,17,Sunday,1:00:00 PM,Tampa Bay,New Orleans,20,23,,0,y
2015,1,Sunday,4:25:00 PM,Tampa Bay,Tennessee,14,42,,1,n
2015,4,Sunday,1:00:00 PM,Tampa Bay,Carolina,23,37,,0,y
2015,5,Sunday,1:00:00 PM,Tampa Bay,Jacksonville,38,31,,1,n
2015,9,Sunday,4:05:00 PM,Tampa Bay,New York Giants,18,32,,0,n
2015,10,Sunday,1:00:00 PM,Tampa Bay,Dallas,10,6,,1,n
2015,13,Sunday,1:00:00 PM,Tampa Bay,Atlanta,23,19,,0,y
2015,14,Sunday,1:00:00 PM,Tampa Bay,New Orleans,17,24,,1,y
2015,16,Sunday,1:00:00 PM,Tampa Bay,Chicago,21,26,,1,n
2011,2,Sunday,12:00:00 PM,Tennessee,Baltimore,26,13,,0,n
2011,3,Sunday,12:00:00 PM,Tennessee,Denver,17,14,,0,n
2011,7,Sunday,12:00:00 PM,Tennessee,Houston,7,41,,0,y
2011,8,Sunday,12:00:00 PM,Tennessee,Indianapolis,27,10,,0,y
2011,9,Sunday,3:05:00 PM,Tennessee,Cincinnati,17,24,,1,n
2011,12,Sunday,12:00:00 PM,Tennessee,Tampa Bay,23,17,,0,n
2011,14,Sunday,12:00:00 PM,Tennessee,New Orleans,17,22,,1,n
2011,16,Saturday,12:00:00 PM,Tennessee,Jacksonville,23,17,,2,y
2012,1,Sunday,12:00:00 PM,Tennessee,New England,13,34,,0,n
2012,3,Sunday,12:00:00 PM,Tennessee,Detroit,44,41,OT,1,n
2012,6,Thursday,7:20:00 PM,Tennessee,Pittsburgh,26,23,,3,n
2012,8,Sunday,12:00:00 PM,Tennessee,Indianapolis,13,19,OT,0,y
2012,9,Sunday,12:00:00 PM,Tennessee,Chicago,20,51,,0,n
2012,13,Sunday,12:00:00 PM,Tennessee,Houston,10,24,,0,y
2012,15,Monday,7:30:00 PM,Tennessee,New York Jets,14,10,,4,n
2012,17,Sunday,12:00:00 PM,Tennessee,Jacksonville,38,20,,0,y
2013,3,Sunday,12:00:00 PM,Tennessee,San Diego,20,17,,1,n
2013,4,Sunday,3:05:00 PM,Tennessee,New York Jets,38,13,,0,n
2013,5,Sunday,12:00:00 PM,Tennessee,Kansas City,17,26,,0,n
2013,7,Sunday,3:05:00 PM,Tennessee,San Francisco,17,31,,3,n
2013,10,Sunday,12:00:00 PM,Tennessee,Jacksonville,27,29,,0,y
2013,11,Thursday,7:25:00 PM,Tennessee,Indianapolis,27,30,,3,y
2013,15,Sunday,3:25:00 PM,Tennessee,Arizona,37,37,OT,7,n
2013,17,Sunday,12:00:00 PM,Tennessee,Houston,16,10,,0,y
2014,2,Sunday,12:00:00 PM,Tennessee,Dallas,10,26,,0,n
2014,5,Sunday,12:00:00 PM,Tennessee,Cleveland,28,29,,6,n
2014,6,Sunday,12:00:00 PM,Tennessee,Jacksonville,16,14,,8,y
2014,8,Sunday,12:00:00 PM,Tennessee,Houston,16,30,,0,y
2014,11,Monday,7:30:00 PM,Tennessee,Pittsburgh,24,27,,1,n
2014,14,Sunday,12:00:00 PM,Tennessee,New York Giants,7,36,,0,n
2014,15,Sunday,3:05:00 PM,Tennessee,New York Jets,11,16,,2,n
2014,17,Sunday,12:00:00 PM,Tennessee,Indianapolis,10,27,,3,y
2015,3,Sunday,12:00:00 PM,Tennessee,Indianapolis,33,35,,8,y
2015,5,Sunday,12:00:00 PM,Tennessee,Buffalo,13,14,,3,n
2015,6,Sunday,12:00:00 PM,Tennessee,Miami,10,38,,3,n
2015,7,Sunday,12:00:00 PM,Tennessee,Atlanta,7,10,,4,n
2015,10,Sunday,12:00:00 PM,Tennessee,Carolina,10,27,,7,n
2015,12,Sunday,12:00:00 PM,Tennessee,Oakland,21,24,,0,n
2015,13,Sunday,12:00:00 PM,Tennessee,Jacksonville,42,39,,0,y
2015,16,Sunday,12:00:00 PM,Tennessee,Houston,6,34,,12,y
2011,1,Sunday,4:15:00 PM,Washington,New York Giants,28,14,,1,y
2011,2,Sunday,1:00:00 PM,Washington,Arizona,22,21,,2,n
2011,6,Sunday,1:00:00 PM,Washington,Philadelphia,13,20,,1,y
2011,9,Sunday,1:00:00 PM,Washington,San Francisco,11,19,,2,n
2011,11,Sunday,1:00:00 PM,Washington,Dallas,24,27,OT,7,y
2011,13,Sunday,1:00:00 PM,Washington,New York Jets,19,34,,0,n
2011,14,Sunday,1:00:00 PM,Washington,New England,27,34,,2,n
2011,16,Saturday,1:00:00 PM,Washington,Minnesota,26,33,,2,n
2012,3,Sunday,1:00:00 PM,Washington,Cincinnati,31,38,,5,n
2012,5,Sunday,1:00:00 PM,Washington,Atlanta,17,24,,3,n
2012,6,Sunday,4:25:00 PM,Washington,Minnesota,38,26,,3,n
2012,9,Sunday,1:00:00 PM,Washington,Carolina,13,21,,2,n
2012,11,Sunday,1:00:00 PM,Washington,Philadelphia,31,6,,5,y
2012,13,Monday,8:30:00 PM,Washington,New York Giants,17,16,,5,y
2012,14,Sunday,1:00:00 PM,Washington,Baltimore,31,28,OT,4,n
2012,17,Sunday,8:20:00 PM,Washington,Dallas,28,18,,7,y
2013,1,Monday,7:10:00 PM,Washington,Philadelphia,27,33,,7,y
2013,3,Sunday,1:00:00 PM,Washington,Detroit,20,27,,2,n
2013,7,Sunday,1:00:00 PM,Washington,Chicago,45,41,,1,n
2013,9,Sunday,1:00:00 PM,Washington,San Diego,30,24,OT,3,n
2013,12,Monday,8:40:00 PM,Washington,San Francisco,6,27,,4,n
2013,13,Sunday,8:30:00 PM,Washington,New York Giants,17,24,,2,y
2013,14,Sunday,1:00:00 PM,Washington,Kansas City,10,45,,0,n
2013,16,Sunday,1:00:00 PM,Washington,Dallas,23,24,,7,y
2014,2,Sunday,1:00:00 PM,Washington,Jacksonville,41,10,,2,n
2014,4,Thursday,8:25:00 PM,Washington,New York Giants,14,45,,3,y
2014,5,Monday,8:30:00 PM,Washington,Seattle,17,27,,0,n
2014,7,Sunday,1:00:00 PM,Washington,Tennessee,19,17,,4,n
2014,11,Sunday,1:00:00 PM,Washington,Tampa Bay,7,27,,0,n
2014,14,Sunday,1:00:00 PM,Washington,St. Louis,0,24,,3,n
2014,16,Saturday,4:30:00 PM,Washington,Philadelphia,27,24,,5,y
2014,17,Sunday,1:00:00 PM,Washington,Dallas,17,44,,1,y
2015,1,Sunday,1:00:00 PM,Washington,Miami,10,17,,0,n
2015,2,Sunday,1:00:00 PM,Washington,St. Louis,24,10,,0,n
2015,4,Sunday,1:00:00 PM,Washington,Philadelphia,23,20,,1,y
2015,7,Sunday,1:00:00 PM,Washington,Tampa Bay,31,30,,2,n
2015,10,Sunday,1:00:00 PM,Washington,New Orleans,47,14,,2,n
2015,12,Sunday,1:00:00 PM,Washington,New York Giants,20,14,,2,y
2015,13,Monday,8:30:00 PM,Washington,Dallas,16,19,,4,y
2015,15,Sunday,1:00:00 PM,Washington,Buffalo,35,25,,1,n
